<?xml version="1.0" encoding="UTF-8"?>
<beans xmlns="http://www.springframework.org/schema/beans"
   xmlns:xsi="http://www.w3.org/2001/XMLSchema-instance"
   xmlns:dwr="http://www.directwebremoting.org/schema/spring-dwr"
   xmlns:aop="http://www.springframework.org/schema/aop"
   xmlns:context="http://www.springframework.org/schema/context"
   xmlns:tx="http://www.springframework.org/schema/tx"
   xmlns:util="http://www.springframework.org/schema/util"
   xsi:schemaLocation="http://www.springframework.org/schema/beans http://www.springframework.org/schema/beans/spring-beans.xsd
         http://www.directwebremoting.org/schema/spring-dwr http://www.directwebremoting.org/schema/spring-dwr-3.0.xsd
         http://www.springframework.org/schema/aop http://www.springframework.org/schema/aop/spring-aop-3.0.xsd
         http://www.springframework.org/schema/context http://www.springframework.org/schema/context/spring-context.xsd
         http://www.springframework.org/schema/tx http://www.springframework.org/schema/tx/spring-tx-3.0.xsd
         http://www.springframework.org/schema/util http://www.springframework.org/schema/util/spring-util-3.0.xsd">

   <!-- 환경설정 기본정보를 globals.properties 에서 참조하도록 propertyConfigurer 설정  -->
    <util:properties id="config" location="classpath:/Props/globals.properties"/>
    
    <bean id="dataSource" class="org.apache.ibatis.datasource.pooled.PooledDataSource">
      <property name="driver" value="#{config['Globals.Driver']}"/>
      <property name="url" value="#{config['Globals.Url']}"/>
      <property name="username" value="root"/>
      <property name="password" value="1234"/>
   </bean>
   
   <bean id="logDataSource" class="net.sf.log4jdbc.Log4jdbcProxyDataSource">
      <constructor-arg ref="dataSource" />
      <property name="logFormatter">
        <bean class="net.sf.log4jdbc.tools.Log4JdbcCustomFormatter">
            <property name="loggingType" value="MULTI_LINE" />
            <property name="sqlPrefix" value="SQL:::" />
           </bean>
       </property>
   </bean>
   
   <bean id="sqlSessionFactory" class="org.mybatis.spring.SqlSessionFactoryBean">
      <property name="dataSource" ref="logDataSource"/>
      <property name="configLocation" value="classpath:/mybatis/mybatis-config.xml"/>
   </bean>
   
   <bean id="transactionManager" class="org.springframework.jdbc.datasource.DataSourceTransactionManager">
      <property name="dataSource" ref="logDataSource"></property>
   </bean>
   
   <bean id="sqlSession" class="org.mybatis.spring.SqlSessionTemplate">
      <constructor-arg ref="sqlSessionFactory"></constructor-arg>
   </bean>

</beans>