<?xml version="1.0" encoding="UTF-8"?>
<!DOCTYPE log4j:configuration PUBLIC "-//APACHE//DTD LOG4J 1.2//EN" "log4j.dtd">
<log4j:configuration xmlns:log4j="http://jakarta.apache.org/log4j/">

	
	<!-- Appenders -->
   <appender name="console" class="org.apache.log4j.ConsoleAppender">
      <param name="Target" value="System.out" />
      <param name="encoding" value="utf-8"></param>
      <param name="DatePattern" value="'.'yyyy-MM-dd-HH" />
      <param name="ImmediateFlush" value="true" /> 
      <layout class="org.apache.log4j.SimpleLayout" />
   </appender>

<!-- sql -->
   <logger name="jdbc.resultsettable" additivity="false">
      <level value="info" />
      <appender-ref ref="console" />
   </logger>
   
   <logger name="jdbc.sqlonly" additivity="false">
      <level value="info" />
      <appender-ref ref="console" />
   </logger>
	
	
	<!-- Application Loggers -->
	<logger name="net.su.project">
		<level value="info" />
	</logger>
	
	<!-- 3rdparty Loggers -->
	<logger name="org.springframework.core">
		<level value="info" />
	</logger>
	
	<logger name="org.springframework.beans">
		<level value="info" />
	</logger>
	
	<logger name="org.springframework.context">
		<level value="info" />
	</logger>

	<logger name="org.springframework.web">
		<level value="info" />
	</logger>

	<!-- Root Logger -->
	<root>
		<priority value="warn" />
		<appender-ref ref="console" />
	</root>
	
</log4j:configuration>
